{"021U":{"beta_0":-47.17972310905851,"ci_95":[-53.82370859707151,-40.535737621045506],"p_value":4.929412729580605e-44,"var_random_intercept":89.2299773990211,"var_residual":67.36337065691676,"icc":0.5698197178027422,"converged":true,"n_groups":8,"n_obs":200},"021C":{"beta_0":-47.17972310905828,"ci_95":[-53.823708597071295,-40.535737621045264],"p_value":4.929412729587716e-44,"var_random_intercept":89.22997739902192,"var_residual":67.36337065691673,"icc":0.5698197178027447,"converged":true,"n_groups":8,"n_obs":200},"021D":{"beta_0":-47.179723109058294,"ci_95":[-53.82370859707129,-40.5357376210453],"p_value":4.929412729584759e-44,"var_random_intercept":89.22997739902124,"var_residual":67.36337065691697,"icc":0.5698197178027418,"converged":true,"n_groups":8,"n_obs":200},"030T":{"beta_0":47.179723109058344,"ci_95":[40.53573762104533,53.82370859707136],"p_value":4.929412729586661e-44,"var_random_intercept":89.22997739902205,"var_residual":67.36337065691674,"icc":0.5698197178027448,"converged":true,"n_groups":8,"n_obs":200}}