{"021U":{"motif_id":2,"n_graphs":200,"mean_z":-47.13595792905857,"std_z":12.114103388697881,"median_z":-47.76380824766507,"min_z":-81.33231172866478,"max_z":-16.613497066447188,"cohens_d":-3.890998484711225,"ci_95_lower":-48.795971654640375,"ci_95_upper":-45.4398005816267,"t_test":{"t_stat":-55.02702828251777,"p_value":2.3789320456751685e-122,"bonferroni_p":9.515728182700674e-122},"wilcoxon":{"W_stat":0.0,"p_value":1.4361464127613523e-34,"bonferroni_p":5.744585651045409e-34},"sign_test":{"n_positive":0,"n_negative":200,"n_total":200,"p_value":1.2446030555722283e-60,"bonferroni_p":4.9784122222889134e-60},"fraction_z_gt_0":0.0,"fraction_z_gt_2":0.0,"domain_breakdown":{"antonym":{"mean_z":-29.812149418002654,"std_z":9.045006960625509,"median_z":-27.40410685338724,"n":26,"fraction_positive":0.0},"arithmetic":{"mean_z":-57.67322161918628,"std_z":9.552061764288407,"median_z":-57.760992619038575,"n":26,"fraction_positive":0.0},"code_completion":{"mean_z":-46.64824122479073,"std_z":8.877368855365878,"median_z":-47.22300452108256,"n":24,"fraction_positive":0.0},"country_capital":{"mean_z":-46.97318337591678,"std_z":6.401934884547897,"median_z":-46.88484620056059,"n":26,"fraction_positive":0.0},"multi_hop_reasoning":{"mean_z":-38.520626324363626,"std_z":7.198055700292008,"median_z":-38.44167505876618,"n":24,"fraction_positive":0.0},"rhyme":{"mean_z":-48.7668910846547,"std_z":7.613476866137314,"median_z":-49.01287299817085,"n":24,"fraction_positive":0.0},"sentiment":{"mean_z":-59.29731901022986,"std_z":7.814240915561222,"median_z":-58.25364305148062,"n":24,"fraction_positive":0.0},"translation":{"mean_z":-49.75674260053969,"std_z":8.581561201916521,"median_z":-49.514547373631345,"n":26,"fraction_positive":0.0}}},"021C":{"motif_id":4,"n_graphs":200,"mean_z":-47.13595792905857,"std_z":12.11410338869788,"median_z":-47.7638082476651,"min_z":-81.33231172866478,"max_z":-16.613497066447167,"cohens_d":-3.8909984847112256,"ci_95_lower":-48.79597165464039,"ci_95_upper":-45.4398005816267,"t_test":{"t_stat":-55.02702828251777,"p_value":2.3789320456751685e-122,"bonferroni_p":9.515728182700674e-122},"wilcoxon":{"W_stat":0.0,"p_value":1.4361464127613523e-34,"bonferroni_p":5.744585651045409e-34},"sign_test":{"n_positive":0,"n_negative":200,"n_total":200,"p_value":1.2446030555722283e-60,"bonferroni_p":4.9784122222889134e-60},"fraction_z_gt_0":0.0,"fraction_z_gt_2":0.0,"domain_breakdown":{"antonym":{"mean_z":-29.812149418002647,"std_z":9.045006960625505,"median_z":-27.40410685338726,"n":26,"fraction_positive":0.0},"arithmetic":{"mean_z":-57.67322161918628,"std_z":9.552061764288405,"median_z":-57.760992619038575,"n":26,"fraction_positive":0.0},"code_completion":{"mean_z":-46.64824122479073,"std_z":8.877368855365878,"median_z":-47.223004521082544,"n":24,"fraction_positive":0.0},"country_capital":{"mean_z":-46.973183375916804,"std_z":6.4019348845479,"median_z":-46.88484620056059,"n":26,"fraction_positive":0.0},"multi_hop_reasoning":{"mean_z":-38.52062632436364,"std_z":7.198055700292008,"median_z":-38.441675058766165,"n":24,"fraction_positive":0.0},"rhyme":{"mean_z":-48.766891084654695,"std_z":7.613476866137309,"median_z":-49.01287299817088,"n":24,"fraction_positive":0.0},"sentiment":{"mean_z":-59.29731901022986,"std_z":7.814240915561215,"median_z":-58.25364305148062,"n":24,"fraction_positive":0.0},"translation":{"mean_z":-49.756742600539695,"std_z":8.58156120191653,"median_z":-49.514547373631345,"n":26,"fraction_positive":0.0}}},"021D":{"motif_id":6,"n_graphs":200,"mean_z":-47.13595792905855,"std_z":12.11410338869789,"median_z":-47.76380824766505,"min_z":-81.33231172866478,"max_z":-16.613497066447025,"cohens_d":-3.8909984847112202,"ci_95_lower":-48.79597165464037,"ci_95_upper":-45.439800581626685,"t_test":{"t_stat":-55.0270282825177,"p_value":2.3789320456757522e-122,"bonferroni_p":9.515728182703009e-122},"wilcoxon":{"W_stat":0.0,"p_value":1.4361464127613523e-34,"bonferroni_p":5.744585651045409e-34},"sign_test":{"n_positive":0,"n_negative":200,"n_total":200,"p_value":1.2446030555722283e-60,"bonferroni_p":4.9784122222889134e-60},"fraction_z_gt_0":0.0,"fraction_z_gt_2":0.0,"domain_breakdown":{"antonym":{"mean_z":-29.812149418002626,"std_z":9.045006960625548,"median_z":-27.40410685338735,"n":26,"fraction_positive":0.0},"arithmetic":{"mean_z":-57.673221619186286,"std_z":9.552061764288403,"median_z":-57.760992619038525,"n":26,"fraction_positive":0.0},"code_completion":{"mean_z":-46.648241224790695,"std_z":8.877368855365907,"median_z":-47.22300452108256,"n":24,"fraction_positive":0.0},"country_capital":{"mean_z":-46.97318337591676,"std_z":6.4019348845479085,"median_z":-46.884846200560574,"n":26,"fraction_positive":0.0},"multi_hop_reasoning":{"mean_z":-38.52062632436364,"std_z":7.198055700291958,"median_z":-38.441675058766144,"n":24,"fraction_positive":0.0},"rhyme":{"mean_z":-48.76689108465465,"std_z":7.613476866137297,"median_z":-49.01287299817085,"n":24,"fraction_positive":0.0},"sentiment":{"mean_z":-59.29731901022982,"std_z":7.814240915561261,"median_z":-58.25364305148049,"n":24,"fraction_positive":0.0},"translation":{"mean_z":-49.756742600539674,"std_z":8.581561201916557,"median_z":-49.51454737363131,"n":26,"fraction_positive":0.0}}},"030T":{"motif_id":7,"n_graphs":200,"mean_z":47.13595792905857,"std_z":12.11410338869788,"median_z":47.76380824766508,"min_z":16.613497066447177,"max_z":81.33231172866478,"cohens_d":3.8909984847112256,"ci_95_lower":45.43980058162669,"ci_95_upper":48.79597165464038,"t_test":{"t_stat":55.02702828251777,"p_value":2.3789320456751685e-122,"bonferroni_p":9.515728182700674e-122},"wilcoxon":{"W_stat":0.0,"p_value":1.4361464127613523e-34,"bonferroni_p":5.744585651045409e-34},"sign_test":{"n_positive":200,"n_negative":0,"n_total":200,"p_value":1.2446030555722283e-60,"bonferroni_p":4.9784122222889134e-60},"fraction_z_gt_0":1.0,"fraction_z_gt_2":1.0,"domain_breakdown":{"antonym":{"mean_z":29.812149418002654,"std_z":9.045006960625509,"median_z":27.40410685338726,"n":26,"fraction_positive":1.0},"arithmetic":{"mean_z":57.67322161918628,"std_z":9.552061764288409,"median_z":57.760992619038575,"n":26,"fraction_positive":1.0},"code_completion":{"mean_z":46.64824122479073,"std_z":8.87736885536588,"median_z":47.223004521082544,"n":24,"fraction_positive":1.0},"country_capital":{"mean_z":46.9731833759168,"std_z":6.401934884547899,"median_z":46.88484620056059,"n":26,"fraction_positive":1.0},"multi_hop_reasoning":{"mean_z":38.52062632436364,"std_z":7.198055700292011,"median_z":38.44167505876617,"n":24,"fraction_positive":1.0},"rhyme":{"mean_z":48.766891084654695,"std_z":7.613476866137306,"median_z":49.01287299817086,"n":24,"fraction_positive":1.0},"sentiment":{"mean_z":59.29731901022986,"std_z":7.814240915561218,"median_z":58.25364305148062,"n":24,"fraction_positive":1.0},"translation":{"mean_z":49.756742600539695,"std_z":8.581561201916527,"median_z":49.514547373631316,"n":26,"fraction_positive":1.0}}}}