{
  "experiment": "statistical_significance_audit_iter3",
  "description": "Mini demo data for statistical significance audit of circuit motif spectroscopy claims",
  "n_graphs": 10,
  "n_domains": 8,
  "domains": [
    "antonym",
    "arithmetic",
    "code_completion",
    "country_capital",
    "multi_hop_reasoning",
    "rhyme",
    "sentiment",
    "translation"
  ],
  "enriched_feature_names": [
    "ratio_021U",
    "ratio_021C",
    "ratio_021D",
    "ratio_030T",
    "Z_030T",
    "FFL_per_node",
    "FFL_per_edge",
    "density",
    "in_degree_std",
    "out_degree_std",
    "layer_span_mean",
    "transitivity"
  ],
  "baseline_feature_names": [
    "density",
    "in_degree_std",
    "out_degree_std",
    "layer_span_mean",
    "transitivity",
    "n_nodes",
    "n_edges"
  ],
  "motif_names": {
    "2": "021U",
    "4": "021C",
    "6": "021D",
    "7": "030T"
  },
  "graphs": [
    {
      "input": "The capital of Japan is",
      "domain": "country_capital",
      "graph_idx": 0,
      "enriched_features": [
        0.123535,
        0.073176,
        0.756868,
        0.046421,
        52.2016,
        61.920051,
        11.034147,
        0.014917,
        3.312317,
        2.782138,
        3.793043,
        0.121994
      ],
      "baseline_features": [
        0.014799,
        3.165287,
        2.816224,
        4.147621,
        0.126981,
        788.0,
        4422.0
      ],
      "z_030T": 52.2016,
      "count_ratios": {
        "2": 0.123535,
        "4": 0.073176,
        "6": 0.756868,
        "7": 0.046421
      },
      "ffl_raw_count": 48793,
      "z_degree_030T": 37.6371502357585,
      "z_layer_030T": 66.04581167843871
    },
    {
      "input": "3 + 5 =",
      "domain": "arithmetic",
      "graph_idx": 1,
      "enriched_features": [
        0.09358,
        0.056809,
        0.807664,
        0.041946,
        46.9256,
        38.212833,
        6.357199,
        0.021188,
        4.271701,
        3.948037,
        3.729439,
        0.080167
      ],
      "baseline_features": [
        0.021883,
        4.61965,
        3.616559,
        3.445351,
        0.081961,
        639.0,
        3841.0
      ],
      "z_030T": 46.9256,
      "count_ratios": {
        "2": 0.09358,
        "4": 0.056809,
        "6": 0.807664,
        "7": 0.041946
      },
      "ffl_raw_count": 24418,
      "z_degree_030T": 40.5739240643379,
      "z_layer_030T": 34.90679283232063
    },
    {
      "input": "The opposite of happy is",
      "domain": "antonym",
      "graph_idx": 2,
      "enriched_features": [
        0.138198,
        0.065999,
        0.755746,
        0.040057,
        36.478,
        64.282523,
        11.937286,
        0.018339,
        3.847161,
        3.221261,
        4.249525,
        0.154262
      ],
      "baseline_features": [
        0.016637,
        3.30221,
        3.005932,
        4.293943,
        0.15657,
        761.0,
        4098.0
      ],
      "z_030T": 36.478,
      "count_ratios": {
        "2": 0.138198,
        "4": 0.065999,
        "6": 0.755746,
        "7": 0.040057
      },
      "ffl_raw_count": 48919,
      "z_degree_030T": 36.085895074167915,
      "z_layer_030T": 72.44403793597203
    },
    {
      "input": "The French word for cat is",
      "domain": "translation",
      "graph_idx": 3,
      "enriched_features": [
        0.110253,
        0.098453,
        0.74302,
        0.048273,
        46.8883,
        93.974026,
        18.54328,
        0.020847,
        3.894548,
        3.484907,
        3.744159,
        0.100572
      ],
      "baseline_features": [
        0.020819,
        4.230875,
        3.56123,
        3.92349,
        0.102392,
        693.0,
        3512.0
      ],
      "z_030T": 46.8883,
      "count_ratios": {
        "2": 0.110253,
        "4": 0.098453,
        "6": 0.74302,
        "7": 0.048273
      },
      "ffl_raw_count": 65124,
      "z_degree_030T": 51.85028892865762,
      "z_layer_030T": 60.859554939180285
    },
    {
      "input": "def add(a, b):\n    return",
      "domain": "code_completion",
      "graph_idx": 4,
      "enriched_features": [
        0.095423,
        0.048178,
        0.826377,
        0.030023,
        48.9545,
        47.996117,
        7.610222,
        0.024413,
        5.124832,
        4.147476,
        3.573721,
        0.057542
      ],
      "baseline_features": [
        0.023626,
        5.192118,
        4.498588,
        3.280911,
        0.062507,
        515.0,
        3248.0
      ],
      "z_030T": 48.9545,
      "count_ratios": {
        "2": 0.095423,
        "4": 0.048178,
        "6": 0.826377,
        "7": 0.030023
      },
      "ffl_raw_count": 24718,
      "z_degree_030T": 48.65814344671132,
      "z_layer_030T": 57.188074014022234
    },
    {
      "input": "If Alice is taller than Bob and Bob is taller than Carol, then Alice is",
      "domain": "multi_hop_reasoning",
      "graph_idx": 5,
      "enriched_features": [
        0.12332,
        0.037401,
        0.81878,
        0.020499,
        24.5879,
        20.920233,
        4.342892,
        0.011146,
        2.725509,
        2.619112,
        4.63908,
        0.180302
      ],
      "baseline_features": [
        0.012152,
        2.755817,
        2.590454,
        5.145195,
        0.200893,
        1028.0,
        4952.0
      ],
      "z_030T": 24.5879,
      "count_ratios": {
        "2": 0.12332,
        "4": 0.037401,
        "6": 0.81878,
        "7": 0.020499
      },
      "ffl_raw_count": 21506,
      "z_degree_030T": 23.342125559862346,
      "z_layer_030T": 57.16181831004409
    },
    {
      "input": "The cat in the hat sat on the",
      "domain": "rhyme",
      "graph_idx": 6,
      "enriched_features": [
        0.113115,
        0.05627,
        0.798319,
        0.032296,
        45.95,
        117.732984,
        22.280902,
        0.018466,
        3.450315,
        3.142841,
        4.178131,
        0.129543
      ],
      "baseline_features": [
        0.019712,
        3.469777,
        2.955951,
        3.904123,
        0.122964,
        764.0,
        4037.0
      ],
      "z_030T": 45.95,
      "count_ratios": {
        "2": 0.113115,
        "4": 0.05627,
        "6": 0.798319,
        "7": 0.032296
      },
      "ffl_raw_count": 89948,
      "z_degree_030T": 55.64274092132269,
      "z_layer_030T": 65.20046898588376
    },
    {
      "input": "This movie was terrible. The sentiment is",
      "domain": "sentiment",
      "graph_idx": 7,
      "enriched_features": [
        0.125681,
        0.090779,
        0.731966,
        0.051574,
        62.083,
        300.099315,
        43.145741,
        0.022253,
        4.29603,
        3.748352,
        3.630234,
        0.094881
      ],
      "baseline_features": [
        0.021938,
        4.358844,
        3.512975,
        3.762609,
        0.091715,
        584.0,
        4062.0
      ],
      "z_030T": 62.083,
      "count_ratios": {
        "2": 0.125681,
        "4": 0.090779,
        "6": 0.731966,
        "7": 0.051574
      },
      "ffl_raw_count": 175258,
      "z_degree_030T": 55.547331427868826,
      "z_layer_030T": 42.20483532355988
    },
    {
      "input": "The capital of Brazil is",
      "domain": "country_capital",
      "graph_idx": 8,
      "enriched_features": [
        0.12449,
        0.077015,
        0.750651,
        0.047844,
        56.0165,
        64.584633,
        12.928444,
        0.016465,
        3.14258,
        3.023028,
        4.123599,
        0.116902
      ],
      "baseline_features": [
        0.014154,
        3.175835,
        2.999265,
        4.267357,
        0.124133,
        898.0,
        4486.0
      ],
      "z_030T": 56.0165,
      "count_ratios": {
        "2": 0.12449,
        "4": 0.077015,
        "6": 0.750651,
        "7": 0.047844
      },
      "ffl_raw_count": 57997,
      "z_degree_030T": 46.82123261175902,