{
  "metadata": {
    "metadata": {
      "n_graphs": 200,
      "n_domains": 8,
      "prune_percentile": 75,
      "n_null_models": 20,
      "n_permutations": 200,
      "domains": [
        "antonym",
        "arithmetic",
        "code_completion",
        "country_capital",
        "multi_hop_reasoning",
        "rhyme",
        "sentiment",
        "translation"
      ],
      "domain_counts": {
        "antonym": 26,
        "arithmetic": 26,
        "sentiment": 24,
        "translation": 26,
        "code_completion": 24,
        "country_capital": 26,
        "multi_hop_reasoning": 24,
        "rhyme": 24
      },
      "runtime_s": 2776.1118264198303
    },
    "phase_a_motif_census": {
      "dag_valid_3node_types": [
        2,
        4,
        6,
        7
      ],
      "man_labels": {
        "2": "021U",
        "4": "021C",
        "6": "021D",
        "7": "030T"
      },
      "per_graph_summary": {
        "mean_total_triads": 1398589.685,
        "std_total_triads": 789575.7093663886,
        "mean_ffl_count": 55937.51,
        "mean_ffl_fraction": 0.03860360723549636
      },
      "universal_overrepresentation": {
        "2": {
          "man_label": "021U",
          "mean_z": -49.19141461601976,
          "std_z": 10.557638437713482,
          "n_domains_z_gt_2": 0,
          "per_domain_mean_z": {
            "antonym": -29.42120587444176,
            "arithmetic": -56.911649644248776,
            "code_completion": -46.08348114793484,
            "country_capital": -48.76079599583433,
            "multi_hop_reasoning": -39.986360509822106,
            "rhyme": -49.79582970157717,
            "sentiment": -66.46990402594066,
            "translation": -56.10209002835847
          }
        },
        "4": {
          "man_label": "021C",
          "mean_z": -49.19141461601977,
          "std_z": 10.557638437713484,
          "n_domains_z_gt_2": 0,
          "per_domain_mean_z": {
            "antonym": -29.42120587444176,
            "arithmetic": -56.911649644248776,
            "code_completion": -46.08348114793484,
            "country_capital": -48.76079599583433,
            "multi_hop_reasoning": -39.986360509822106,
            "rhyme": -49.79582970157717,
            "sentiment": -66.46990402594066,
            "translation": -56.10209002835849
          }
        },
        "6": {
          "man_label": "021D",
          "mean_z": -49.19141461601977,
          "std_z": 10.557638437713482,
          "n_domains_z_gt_2": 0,
          "per_domain_mean_z": {
            "antonym": -29.42120587444176,
            "arithmetic": -56.911649644248726,
            "code_completion": -46.083481147934826,
            "country_capital": -48.76079599583435,
            "multi_hop_reasoning": -39.9863605098221,
            "rhyme": -49.79582970157721,
            "sentiment": -66.46990402594066,
            "translation": -56.102090028358504
          }
        },
        "7": {
          "man_label": "030T",
          "mean_z": 49.19141461601976,
          "std_z": 10.557638437713482,
          "n_domains_z_gt_2": 8,
          "per_domain_mean_z": {
            "antonym": 29.42120587444176,
            "arithmetic": 56.91164964424877,
            "code_completion": 46.08348114793484,
            "country_capital": 48.76079599583433,
            "multi_hop_reasoning": 39.9863605098221,
            "rhyme": 49.79582970157718,
            "sentiment": 66.46990402594065,
            "translation": 56.10209002835848
          }
        }
      }
    },
    "phase_b_edge_overlap": {
      "node_jaccard_stats": {
        "mean": 0.129033121976024,
        "median": 0.07657409452020839,
        "std": 0.1448605423619074,
        "min": 0.04111986001749781,
        "max": 0.8929088277858177,
        "iqr": 0.05113653653616564,
        "frac_zero": 0.0,
        "within_domain_mean": 0.47612557459963933,
        "between_domain_mean": 0.0813416350014486
      },
      "edge_jaccard_stats": {
        "mean": 0.06887215621353437,
        "median": 0.03514624834803155,
        "std": 0.10162620239824255,
        "min": 0.009757531227038941,
        "max": 0.8217118997912317,
        "iqr": 0.03040761303388357,
        "frac_zero": 0.0,
        "within_domain_mean": 0.30532234644106376,
        "between_domain_mean": 0.0363832297556594
      },
      "weight_spearman_stats": {
        "mean": 0.7968077058498169,
        "median": 0.7856035517925876,
        "std": 0.06820737455981941,
        "min": 0.5659744474644159,
        "max": 0.9761899593054143,
        "iqr": 0.10062098189841329,
        "frac_zero": 0.0,
        "within_domain_mean": 0.8756473494360325,
        "between_domain_mean": 0.7859749153159085
      }
    },
    "phase_e_clustering": {
      "node_jaccard": {
        "results_by_k": {
          "2": {
            "nmi": 0.4258539600063236,
            "ari": 0.15345960769493966
          },
          "3": {
            "nmi": 0.6005849671850358,
            "ari": 0.26723780614095777
          },
          "4": {
            "nmi": 0.677631530143927,
            "ari": 0.29789994912540785
          },
          "6": {
            "nmi": 0.891705763804136,
            "ari": 0.6748941965905593
          },
          "8": {
            "nmi": 1.0,
            "ari": 1.0
          }
        },
        "best_k": 8,
        "best_nmi": 1.0,
        "best_ari": 1.0,
        "perm_p_value": 0.004975124378109453
      },
      "edge_jaccard": {
        "results_by_k": {
          "2": {
            "nmi": 0.3000736380359902,
            "ari": 0.07140448647479164
          },
          "3": {
            "nmi": 0.6005849671850358,
            "ari": 0.26723780614095777
          },
          "4": {
            "nmi": 0.677631530143927,
            "ari": 0.29789994912540785
          },
          "6": {
            "nmi": 0.891705763804136,
            "ari": 0.6748941965905593
          },
          "8": {
            "nmi": 1.0,
            "ari": 1.0
          }
        },
        "best_k": 8,
        "best_nmi": 1.0,
        "best_ari": 1.0,
        "perm_p_value": 0.004975124378109453
      },
      "weight_spearman": {
        "results_by_k": {
          "2": {
            "nmi": 0.35765364961479595,
            "ari": 0.17098134065321552
          },
          "3": {
            "nmi": 0.6308605791268309,
            "ari": 0.3658676847883326
          },
          "4": {
            "nmi": 0.6170405901797047,
            "ari": 0.38967846810459594
          },
          "6": {
            "nmi": 0.7838010911922113,
            "ari": 0.5950572492818996
          },
          "8": {
            "nmi": 0.8457885907058764,
            "ari": 0.7211780603852062
          }
        },
        "best_k": 8,
        "best_nmi": 0.8457885907058764,
        "best_ari": 0.7211780603852062,
        "perm_p_value": 0.004975124378109453
      },
      "motif_count_ratio": {
        "results_by_k": {
          "2": {
            "nmi": 0.3314151277572109,
            "ari": 0.16669258121004882
          },
          "3": {
            "nmi": 0.39481740984712377,
            "ari": 0.22756297296832909
          },
          "4": {
            "nmi": 0.48596435095870577,
            "ari": 0.3266096678903942
          },
          "6": {
            "nmi": 0.5566006529838782,
            "ari": 0.43949995904647027
          },
          "8": {
            "nmi": 0.5382159109654325,
            "ari": 0.39969027134659635
          }
        },
        "best_k": 6,
        "best_nmi": 0.5566006529838782,
        "best_ari": 0.43949995904647027,
        "perm_p_value": 0.004975124378109453
      },
      "graph_stats": {
        "results_by_k": {
          "2": {
            "nmi": 0.4507332769379257,
            "ari": 0.22374290451852272
          },
          "3": {
            "nmi": 0.5214057987679733,
            "ari": 0.2904470794375422
          },
          "4": {
            "nmi": 0.5352061724825501,