{
  "metadata": {
    "experiment": "statistical_significance_audit_iter3",
    "n_graphs": 10,
    "n_domains": 8,
    "domains": [
      "antonym",
      "arithmetic",
      "code_completion",
      "country_capital",
      "multi_hop_reasoning",
      "rhyme",
      "sentiment",
      "translation"
    ],
    "runtime_seconds": 74.8,
    "phase_b_permutation_tests": {
      "nmi_our_observed": 1.0,
      "nmi_our_p_value": 0.0196078431372549,
      "nmi_baseline_observed": 0.9315520459418732,
      "nmi_baseline_p_value": 0.0196078431372549,
      "ari_our_observed": 1.0,
      "ari_our_p_value": 0.0196078431372549,
      "ari_baseline_observed": 0.47674418604651164,
      "ari_baseline_p_value": 0.0196078431372549,
      "nmi_difference_observed": 0.06844795405812676,
      "nmi_difference_p_value": 0.0784313725490196,
      "motif_only_nmi": 0.9315520459418732,
      "motif_only_ari": 0.47674418604651164,
      "motif_only_p_value": 0.1568627450980392,
      "null_distributions": {
        "nmi_our_mean": 0.8672109691272343,
        "nmi_our_std": 0.01625548843288105,
        "nmi_base_mean": 0.8631040918837466,
        "nmi_base_std": 1.1102230246251565e-16,
        "nmi_motif_mean": 0.8726868054518845,
        "nmi_motif_std": 0.023750552387999505
      },
      "n_permutations": 50
    },
    "phase_c_bootstrap_cis": {
      "per_domain_z030t_ci": {
        "antonym": {
          "mean": 36.478,
          "n": 1,
          "ci_95_lo": 36.478,
          "ci_95_hi": 36.478,
          "excludes_zero": true
        },
        "arithmetic": {
          "mean": 56.4579,
          "n": 2,
          "ci_95_lo": 46.9256,
          "ci_95_hi": 65.9902,
          "excludes_zero": true
        },
        "code_completion": {
          "mean": 48.9545,
          "n": 1,
          "ci_95_lo": 48.9545,
          "ci_95_hi": 48.9545,
          "excludes_zero": true
        },
        "country_capital": {
          "mean": 54.109049999999996,
          "n": 2,
          "ci_95_lo": 52.2016,
          "ci_95_hi": 56.0165,
          "excludes_zero": true
        },
        "multi_hop_reasoning": {
          "mean": 24.5879,
          "n": 1,
          "ci_95_lo": 24.5879,
          "ci_95_hi": 24.5879,
          "excludes_zero": true
        },
        "rhyme": {
          "mean": 45.95,
          "n": 1,
          "ci_95_lo": 45.95,
          "ci_95_hi": 45.95,
          "excludes_zero": true
        },
        "sentiment": {
          "mean": 62.083,
          "n": 1,
          "ci_95_lo": 62.083,
          "ci_95_hi": 62.083,
          "excludes_zero": true
        },
        "translation": {
          "mean": 46.8883,
          "n": 1,
          "ci_95_lo": 46.8883,
          "ci_95_hi": 46.8883,
          "excludes_zero": true
        }
      },
      "grand_mean_ci": {
        "mean": 48.60756,
        "ci_95_lo": 40.54057825,
        "ci_95_hi": 54.8831275
      },
      "count_ratio_cis": {
        "antonym": {
          "021U": {
            "mean": 0.138198,
            "ci_95_lo": 0.138198,
            "ci_95_hi": 0.138198
          },
          "021C": {
            "mean": 0.065999,
            "ci_95_lo": 0.065999,
            "ci_95_hi": 0.065999
          },
          "021D": {
            "mean": 0.755746,
            "ci_95_lo": 0.755746,
            "ci_95_hi": 0.755746
          },
          "030T": {
            "mean": 0.040057,
            "ci_95_lo": 0.040057,
            "ci_95_hi": 0.040057
          }
        },
        "arithmetic": {
          "021U": {
            "mean": 0.0984295,
            "ci_95_lo": 0.09358,
            "ci_95_hi": 0.103279
          },
          "021C": {
            "mean": 0.059064,
            "ci_95_lo": 0.056809,
            "ci_95_hi": 0.061319
          },
          "021D": {
            "mean": 0.8016445000000001,
            "ci_95_lo": 0.795625,
            "ci_95_hi": 0.807664
          },
          "030T": {
            "mean": 0.040861499999999995,
            "ci_95_lo": 0.039777,
            "ci_95_hi": 0.041946
          }
        }
      },
      "eta_squared_z030t": 0.8533233792549524,
      "anova_f_z030t": 1.6622054595252267,
      "anova_p_z030t": 0.4260186836647786
    },
    "phase_d_layer_confound": {
      "n_graphs_processed": 10,
      "per_graph_results": [
        {
          "graph_idx": 0,
          "domain": "country_capital",
          "z_degree_030T": 37.6371502357585,
          "z_layer_030T": 66.04581167843871,
          "retention_ratio": 1.7548037315452636
        },
        {
          "graph_idx": 1,
          "domain": "arithmetic",
          "z_degree_030T": 40.5739240643379,
          "z_layer_030T": 34.90679283232063,
          "retention_ratio": 0.8603257791129366
        }
      ],
      "wilcoxon_test": {
        "statistic": 8.0,
        "p_value": 0.048828125,
        "direction": "layer_higher",
        "n_pairs": 10
      },
      "z_retention_ratio": {
        "mean": 1.4157149277312464,
        "ci_95_lo": 0.7824179222645272,
        "ci_95_hi": 2.349571326499202,
        "n_valid": 10
      },
      "per_motif_classification": {
        "021U": {
          "n_genuine": 10,
          "n_artifact": 0,
          "n_partial": 0,
          "n_total": 10,
          "frac_genuine": 1.0,
          "mean_z_degree": -44.8761294813448,
          "mean_z_layer": -59.3559960826146
        },
        "021C": {
          "n_genuine": 10,
          "n_artifact": 0,
          "n_partial": 0,
          "n_total": 10,
          "frac_genuine": 1.0,
          "mean_z_degree": -44.87612948134479,
          "mean_z_layer": -59.3559960826146
        },
        "021D": {
          "n_genuine": 10,
          "n_artifact": 0,
          "n_partial": 0,
          "n_total": 10,
          "frac_genuine": 1.0,
          "mean_z_degree": -44.8761294813448,
          "mean_z_layer": -59.35599608261458
        },
        "030T": {
          "n_genuine": 10,
          "n_artifact": 0,
          "n_partial": 0,
          "n_total": 10,
          "frac_genuine": 1.0,
          "mean_z_degree": 44.87612948134479,
          "mean_z_layer": 59.355996082614595
        }
      }
    },
    "phase_e_effect_sizes": {
      "nmi_cohens_d": 5.9549133417541364,
      "nmi_cohens_d_classification": "large",
      "z_cross_domain_cohens_d": {
        "antonym_vs_arithmetic": -1.4821,
        "antonym_vs_code_completion": -124765000000.0,
        "antonym_vs_country_capital": -6.536,
        "antonym_vs_multi_hop_reasoning": 118901000000.0,
        "antonym_vs_rhyme": -94720000000.0
      },
      "count_ratio_grand_d_030T": 7.624569036290297,
      "count_ratio_eta_squared": {
        "021U": 0.9455,
        "021C": 0.9855,
        "021D": 0.9755,
        "030T": 0.9902,
        "021U_computed": 0.9749,
        "021U_f_stat": 11.0837,
        "021U_p_value": 0.08522662039166436,
        "021C_computed": 0.9945,
        "021C_f_stat": 51.4144,
        "021C_p_value": 0.019209063838809857,
        "021D_computed": 0.9914,
        "021D_f_stat": 32.8218,
        "021D_p_value": 0.029880208767153978,
        "030T_computed": 0.996,
        "030T_f_stat": 71.7225,
        "030T_p_value": 0.013818567808593508
      }
    },
    "phase_f_robustness": {
      "loo_influence": {
        "mean_loo_nmi_our": 0.9698446907484997,
        "std_loo_nmi_our": 0.036932560351002404,
        "mean_loo_nmi_base": 0.9290771604772505,
        "std_loo_nmi_base": 0.023817862477535808,
        "n_influential": 4,
        "influential_graphs": [
          {
            "index": 0,
            "domain": "country_capital",
            "nmi_without": 0.9246117268712492,
            "nmi_delta": -0.07538827312875085
          },
          {
            "index": 1,
            "domain": "arithmetic",
            "nmi_without": 0.924611726871249,
            "nmi_delta": -0.07538827312875096
          }
        ]
      },
      "domain_imbalance": {
        "ami": 1.0,
        "v_measure": 1.0,